fecproc;dni;id;fecemi;infg;monto;infi;infj;cuota;saldo;infm;info;data2;data3;data4
20240130;103001577;1;20220815;2;3000;REG;;1500;543.34;0;0;0;19000101;20231221
20240130;103001577;2;20220914;2;3281.54;REG;;1707.15;419.06;0;0;0;19000101;20231221
20240130;103001577;3;20221014;2;3369.18;REG;;1803.55;322.66;0;0;0;19000101;20231221
20240130;103001577;4;20221114;2;3435.98;REG;;1897.82;228.39;0;0;0;19000101;20231221
20240130;103001577;5;20221214;2;3532.89;REG;;2012.61;113.65;0;0;0;19000101;20231221
20240130;105000567;1;20220815;3;0;REG;;795.55;186.96;0;33.65;3.5;20220715;20220715
20240130;105000567;2;20220915;3;0;REG;;851.7;144.46;0;26;3.5;20220723;20220723
20240130;105000567;3;20221015;2;1706.24;REG;;899.95;95.69;0;0.38;3.5;19000101;20220725
20240130;105000567;4;20221115;2;1712.79;REG;;952.8;50.89;0;0;0;19000101;
20240130;105000570;1;20220715;3;0;REG;;665.94;184.16;0;33.15;4.67;20220716;20220716
20240130;105000570;2;20220815;2;1545.54;REG;;729.51;130.29;0;0;0;19000101;20220723
20240130;105000570;3;20220915;2;1553.35;REG;;777.56;89.57;0;0;0;19000101;20220723
20240130;105000570;4;20221017;2;1559.68;REG;;826.99;47.69;0;0;0;19000101;20220725
20240130;105000571;1;20220712;2;1217.21;REG;;524.61;167.46;0;0;0;19000101;20220715
20240130;105000571;2;20220811;2;1233.29;REG;;564.56;133.6;0;0;0;19000101;20220715
20240130;105000571;3;20220912;2;1231.07;REG;;592.17;110.2;0;0;0;19000101;20220723
20240130;105000571;4;20221011;2;1246.46;REG;;641.1;68.74;0;0;0;19000101;20220725
20240130;105000571;5;20221111;2;1248.43;REG;;677.56;37.82;0;0;0;19000101;
20240130;103001620;1;20221119;3;0;REG;;35.54;117.77;0;21.2;3.5;20220716;20220716
20240130;103001620;2;20221219;2;264.76;REG;;146.2;23.99;0;4.32;3.5;19000101;20220722
20240130;103001620;3;20230119;2;275.77;REG;;154.45;17;0;3.06;0;19000101;
20240130;103001620;4;20230220;2;274.27;REG;;163.81;9.04;0;1.63;0;19000101;
20240130;103001622;1;20221119;3;0;REG;;35.54;117.77;0;21.2;3.5;20220718;20220718
20240130;103001622;2;20221219;3;0;REG;;146.2;23.99;0;4.32;3.5;20220718;20220718
20240130;103001622;3;20230119;2;257.77;REG;;154.45;17;0;2.06;3.5;19000101;20220722
20240130;103001622;4;20230220;2;272.64;REG;;163.81;9.04;0;0;0;19000101;
20240130;103001623;1;20221119;3;0;REG;;35.54;117.77;0;21.2;3.5;20220718;20220718
20240130;103001623;2;20221219;3;0;REG;;146.2;23.99;0;4.32;3.5;20220718;20220718
20240130;103001623;3;20230119;2;257.77;REG;;154.45;17;0;3.06;3.5;19000101;20220722
20240130;103001623;4;20230220;2;274.27;REG;;163.81;9.04;0;1.63;0;19000101;
20240130;103001624;1;20221119;3;0;REG;;35.54;117.77;0;21.2;3.5;20220718;20220718
20240130;103001624;2;20221219;3;0;REG;;146.2;23.99;0;4.32;3.5;20220718;20220718
20240130;103001624;3;20230119;2;256.07;REG;;154.45;17;0;2.36;3.5;19000101;20220722
20240130;103001624;4;20230220;2;272.64;REG;;163.81;9.04;0;0;0;19000101;
20240130;103001625;1;20221119;3;0;REG;;35.54;117.77;0;21.2;3.5;20220718;20220718
20240130;103001625;2;20221219;3;0;REG;;146.2;23.99;0;4.32;3.5;20220718;20220718
20240130;103001625;3;20230119;2;255.23;REG;;154.45;17;0;2.52;3.5;19000101;20220722
20240130;103001625;4;20230220;2;272.64;REG;;163.81;9.04;0;0;0;19000101;
20240130;103001655;1;20221107;3;0;REG;;0;424.74;0;76.45;3.5;20220718;20220718
20240130;103001655;2;20221206;3;0;REG;;382.69;100.42;0;18.08;3.5;20220718;20220718
20240130;103001655;3;20220922;3;0;REG;;156.78;84.07;0;15.65;3.5;19000101;20220805
20240130;103001655;4;20230316;2;505.86;REG;;0;502.36;0;0;0;19000101;
20240130;103001655;5;20230417;2;777.87;REG;;465.65;81.12;0;0;0;19000101;
20240130;103001655;6;20230516;2;776.19;REG;;502.43;49.95;0;0;0;19000101;
20240130;103001655;7;20230616;2;711.86;REG;;492.45;26.48;0;0;0;19000101;
20240130;103001721;1;20220616;1;0;REG;;437.59;132.36;0;0;54.59;20220816;20220816
20240130;103001721;2;20220716;3;0;REG;;498.51;71.44;0;0;37.92;20220816;20220816
20240130;103001721;3;20220816;3;0;REG;;519.65;50.3;0;0;13.5;20220816;20220816
20240130;103001721;4;20220916;2;989.29;REG;;544.25;25.73;0;0;0;19000101;
20240130;103001730;1;20220816;3;0;REG;;425.46;161.29;0;29.03;13.5;20220718;20220718
20240130;103001730;2;20220916;3;0;REG;;452.46;138.41;0;24.91;13.5;20220718;20220718
20240130;103001730;3;20220922;3;0;REG;;110.87;114.09;0;20.54;13.5;19000101;20220725
20240130;103001730;4;20221216;2;803.85;REG;;283;310.55;0;0;0;19000101;
20240130;103001730;5;20230116;2;991.12;REG;;539.82;92.91;0;0;0;19000101;
20240130;103001730;6;20230216;2;989.15;REG;;574.06;63.89;0;0;0;19000101;
20240130;103001730;7;20230316;2;990.58;REG;;614.33;29.76;0;0;0;19000101;
20240130;103001738;1;20220620;3;0;REG;;436.33;106.06;0;0;21.99;20220701;20220718
20240130;103001738;2;20220720;2;1008.68;REG;;463.39;79;0;0;0;19000101;20220718
20240130;103001738;3;20220820;2;1004.69;REG;;486.55;55.84;0;0;0;19000101;20220725
20240130;103001738;4;20220920;2;1003.21;REG;;513.73;28.68;0;0;0;19000101;
20240130;103001806;1;20220816;3;0;REG;;276.74;64.51;0;0;13.5;20220718;20220718
20240130;103001806;2;20220916;3;0;REG;;291.61;49.64;0;0;13.5;20220718;20220718
20240130;103001806;3;20221017;2;87.35;REG;;307.29;33.96;0;0;13.5;19000101;20220725
20240130;103001806;4;20221116;2;596.72;REG;;324.36;16.86;0;0;0;19000101;
20240130;103001835;1;20220801;3;0;REG;;301.38;54.38;0;9.79;32.3;20220823;20220823
20240130;103001835;2;20220901;3;0;REG;;377.11;41.76;0;7.52;23.5;20220901;20220901
20240130;103001835;3;20221001;2;546.29;REG;;303.27;25.12;0;0;0;19000101;
20240130;103001835;4;20221101;2;545.12;REG;;317.24;13.28;0;0;0;19000101;
20240130;103001851;1;20220818;3;0;REG;;227.31;53.76;0;9.68;13.5;20220718;20220718
20240130;103001851;2;20220919;3;0;REG;;240.1;42.92;0;7.73;13.5;20220718;20220718
20240130;103001851;3;20221018;2;435.54;REG;;259.2;26.74;0;4.81;13.5;19000101;20220725
20240130;103001851;4;20221118;2;503.07;REG;;273.39;14.7;0;0;0;19000101;
20240130;102007362;1;20220818;3;0;REG;;1318.92;665.09;0;119.72;21;20220723;20220723
20240130;102007362;2;20220919;3;0;REG;;1328.94;656.6;0;118.19;21;20220731;20220731
20240130;102007362;3;20220901;3;0;REG;;0;0;0;0;21;19000101;
20240130;102007362;4;20221001;3;713.74;REG;;0;0;0;0;0;20221001;
20240130;102007362;5;20221101;3;-713.74;REG;;1505.8;1193.92;0;214.9;42;20221213;20221213
20240130;102007362;6;20221201;2;367.56;REG;;1567.24;554.78;0;33.7;21;19000101;20221213
20240130;102007362;7;20230102;2;577.3;REG;;1565.45;556.3;0;0;0;19000101;20220928
20240130;102007362;8;20230201;2;508.59;REG;;1646.52;487.59;0;0;0;19000101;20220928
20240130;102007362;9;20230301;2;442.82;REG;;1724.13;421.82;0;0;0;19000101;20220928
20240130;102007362;10;20230401;2;450.29;REG;;1715.32;429.29;0;0;0;19000101;20220928
20240130;102007362;11;20230501;2;399.51;REG;;1775.24;378.51;0;0;0;19000101;20220928
20240130;102007362;12;20230601;2;372.91;REG;;1806.63;351.91;0;0;0;19000101;20220928
20240130;102007362;13;20230701;2;322.69;REG;;1865.89;301.69;0;0;0;19000101;20220928
20240130;102007362;14;20230801;2;291.49;REG;;1902.7;270.49;0;0;0;19000101;20220928
20240130;102007362;15;20230901;2;249.31;REG;;1952.47;228.31;0;0;0;19000101;20220928
20240130;102007362;16;20231001;2;199.99;REG;;2010.67;178.99;0;0;0;19000101;20220928
20240130;102007362;17;20231101;2;161.45;REG;;2056.15;140.45;0;0;0;19000101;20220928
20240130;102007362;18;20231201;2;112.77;REG;;2113.59;91.77;0;0;0;19000101;20220928
20240130;102007362;19;20240101;2;108.13;REG;;2165.34;48;0;0;0;19000101;20220928
20240130;103001853;1;20220815;3;0;REG;;229.26;102.43;0;18.44;17;20220718;20220718
20240130;103001853;2;20220915;3;0;REG;;219.3;110.87;0;19.96;17;20220718;20220718
20240130;103001853;3;20221015;3;0;REG;;226.4;104.86;0;18.87;17;20220718;20220718
20240130;103001853;4;20221115;3;0;REG;;225.27;105.81;0;19.05;31.4;20231110;20231110
20240130;103001853;5;20221215;3;0;REG;;232.24;99.91;0;17.98;43.4;20231110;20231110
20240130;103001853;6;20230116;3;0;REG;;227.55;103.88;0;18.7;40.84;20231110;20231110
20240130;103001853;7;20230215;3;0;REG;;238.2;94.86;0;17.07;41.08;20231110;20231110
20240130;103001853;8;20230315;3;0;REG;;248.58;86.06;0;15.49;38.61;20231110;20231110
20240130;103001853;9;20230415;3;0;REG;;240.97;92.51;0;16.65;35.78;20231110;20231110
20240130;103001853;10;20230515;3;0;REG;;247.62;86.87;0;15.64;33.12;20231110;20231110
20240130;103001853;11;20230615;3;0;REG;;247.51;86.97;0;15.65;30.33;20231110;20231110
20240130;103001853;12;20230715;3;0;REG;;254.04;81.43;0;14.66;27.67;20231110;20231110
20240130;103001853;13;20230815;3;0;REG;;254.22;81.28;0;14.63;24.88;20231110;20231110
20240130;103001853;14;20230915;3;0;REG;;257.63;78.39;0;14.11;22.06;20231110;20231110
20240130;103001853;15;20231015;3;0;REG;;263.97;73.02;0;13.14;19.59;20231110;20231110
20240130;103001853;16;20231115;2;361.68;REG;;264.6;72.48;0;0;0;19000101;
20240130;103001853;17;20231215;2;359.63;REG;;270.81;67.22;0;0;0;19000101;
20240130;103001853;18;20240115;2;361.99;REG;;277.09;66.4;0;0;0;19000101;
20240130;103001853;19;20240215;1;360.49;REG;;280.23;63.26;0;0;0;19000101;
20240130;103001853;20;20240315;0;360.49;REG;;287.31;56.18;0;0;0;19000101;
20240130;103001853;21;20240415;0;360.49;REG;;286.67;56.82;0;0;0;19000101;
20240130;103001853;22;20240515;0;360.49;REG;;291.66;51.83;0;0;0;19000101;
20240130;103001853;23;20240615;0;360.49;REG;;293.24;50.25;0;0;0;19000101;
20240130;103001853;24;20240715;0;360.49;REG;;298.09;45.4;0;0;0;19000101;
20240130;103001853;25;20240815;0;360.49;REG;;299.95;43.54;0;0;0;19000101;
20240130;103001853;26;20240915;0;360.49;REG;;303.35;40.14;0;0;0;19000101;
20240130;103001853;27;20241015;0;360.49;REG;;307.98;35.51;0;0;0;19000101;
20240130;103001853;28;20241115;0;360.49;REG;;310.29;33.2;0;0;0;19000101;
20240130;103001853;29;20241215;0;360.49;REG;;314.77;28.72;0;0;0;19000101;
20240130;103001853;30;20250115;0;360.49;REG;;317.38;26.11;0;0;0;19000101;
20240130;103001853;31;20250215;0;360.49;REG;;320.98;22.51;0;0;0;19000101;
20240130;103001853;32;20250315;0;360.49;REG;;326.46;17.03;0;0;0;19000101;
20240130;103001853;33;20250415;0;360.49;REG;;328.33;15.16;0;0;0;19000101;
20240130;103001853;34;20250515;0;360.49;REG;;332.42;11.07;0;0;0;19000101;
20240130;103001853;35;20250615;0;360.49;REG;;335.82;7.67;0;0;0;19000101;
20240130;103001853;36;20250715;0;360.54;REG;;339.81;3.73;0;0;0;19000101;
20240130;103002278;1;20230313;2;341.06;REG;;323.21;11.14;0;0;0;19000101;
20240130;103002278;2;20230412;2;342.53;REG;;334.72;1.39;0;0;0;19000101;
20240130;103002278;3;20230512;2;342.28;REG;;335.05;1.11;0;0;0;19000101;
20240130;103002278;4;20230612;2;342.02;REG;;335.35;0.86;0;0;0;19000101;
20240130;103002278;5;20230712;2;341.77;REG;;335.7;0.56;0;0;0;19000101;
20240130;103002278;6;20230812;2;341.46;REG;;335.97;0.29;0;0;0;19000101;
20240130;103001869;1;20220819;3;0;REG;;454.33;107.52;0;19.35;13.5;20220806;20220806
20240130;103001869;2;20220806;2;889.04;REG;;483.14;0;0;0;52.04;19000101;20220922
20240130;103001869;3;20220906;2;889.39;REG;;483.49;83.1;0;14.96;26.62;19000101;20220922
20240130;103001869;4;20221006;2;934.86;REG;;516.39;55.22;0;9.94;13.5;19000101;20220922
20240130;103001869;5;20221107;2;1002.69;REG;;545.79;30.32;0;0;0;19000101;
20240130;102008844;1;20230408;2;763.17;REG;;0;759.67;0;0;0;19000101;
20240130;102008844;2;20230508;2;733.45;REG;;461.65;102.55;0;0;0;19000101;
20240130;102008844;3;20230608;2;718.97;REG;;477.74;86.46;0;0;0;19000101;
20240130;102008844;4;20230708;2;705.99;REG;;500.18;64.02;0;0;0;19000101;
20240130;102008844;5;20230808;2;690.37;REG;;519.22;44.98;0;0;0;19000101;
20240130;102008844;6;20230908;2;672.81;REG;;541.21;22.96;0;0;0;19000101;
20240130;103001871;1;20220526;3;0;REG;;362.29;246.95;0;44.45;71.9;20220824;20220824
20240130;103001871;2;20220621;3;0;REG;;381.49;230.68;0;41.52;58.06;20220824;20220824
20240130;103001871;3;20220721;3;0;REG;;361.93;247.25;0;44.51;37.74;20220824;20220824
20240130;103001871;4;20220822;3;0;REG;;365.68;244.08;0;43.93;18.24;20220824;20220824
20240130;103001871;5;20220921;3;0;REG;;254.97;209.42;0;37.7;17.69;19000101;20220922
20240130;103001871;6;20220922;3;0;REG;;0;188.29;0;33.89;17;19000101;20220922
20240130;103001871;7;20221121;2;719.93;REG;;174.25;402.53;0;0;0;19000101;
20240130;103001871;8;20221221;2;924.16;REG;;428.45;187.11;0;0;0;19000101;
20240130;103001871;9;20230121;2;919.79;REG;;448.07;170.48;0;0;0;19000101;
20240130;103001871;10;20230221;2;917.72;REG;;476.5;146.39;0;0;0;19000101;
20240130;103001871;11;20230321;2;923.95;REG;;520.86;108.8;0;0;0;19000101;
20240130;103001871;12;20230421;2;908.08;REG;;539.77;92.77;0;0;0;19000101;
20240130;103001871;13;20230522;2;900.25;REG;;574.01;63.75;0;0;0;19000101;
20240130;103001871;14;20230621;2;890.34;REG;;611.73;31.8;0;0;0;19000101;
20240130;106000028;1;20220924;2;96.95;REG;;77.23;13.89;0;180;3.5;19000101;20220924
20240130;106000028;2;20221024;2;113.14;REG;;78.3;12.82;0;0;0;19000101;
20240130;106000028;3;20221124;2;111.9;REG;;79;12.12;0;0;0;19000101;
20240130;106000028;4;20221224;2;110.7;REG;;80.49;10.63;0;0;0;19000101;
20240130;106000028;5;20230124;2;109.46;REG;;81.29;9.83;0;0;0;19000101;
20240130;106000028;6;20230224;2;108.21;REG;;82.45;8.67;0;0;0;19000101;
20240130;106000028;7;20230324;2;107.09;REG;;84.37;6.75;0;0;0;19000101;
20240130;106000028;8;20230424;2;105.85;REG;;84.85;6.27;0;0;0;19000101;
20240130;106000028;9;20230524;2;104.66;REG;;86.23;4.89;0;0;0;19000101;
20240130;106000028;10;20230624;2;103.42;REG;;87.3;3.82;0;0;0;19000101;
20240130;106000028;11;20230724;2;102.23;REG;;88.64;2.48;0;0;0;19000101;
20240130;106000028;12;20230824;2;101.01;REG;;89.85;1.29;0;0;0;19000101;
20240130;103002794;1;20221114;2;1576.85;REG;;1209.46;84.27;0;0;0;19000101;
20240130;103002794;2;20221212;2;1573.48;REG;;1245.03;54.13;0;0;0;19000101;
20240130;103002794;3;20230112;2;1560.27;REG;;1261.37;40.28;0;0;0;19000101;
20240130;103002794;4;20230213;2;1546.82;REG;;1284.14;20.98;0;0;0;19000101;
20240130;102008845;1;20230408;2;763.17;REG;;0;759.67;0;0;0;19000101;
20240130;102008845;2;20230508;2;733.45;REG;;461.65;102.55;0;0;0;19000101;
20240130;102008845;3;20230608;2;718.97;REG;;477.74;86.46;0;0;0;19000101;
20240130;102008845;4;20230708;2;705.99;REG;;500.18;64.02;0;0;0;19000101;
20240130;102008845;5;20230808;2;690.37;REG;;519.22;44.98;0;0;0;19000101;
20240130;102008845;6;20230908;2;672.81;REG;;541.21;22.96;0;0;0;19000101;
20240130;102009479;1;20230805;2;3389.7;REG;;0;3368.2;0;0;0;19000101;
20240130;102009479;2;20230905;2;1750.82;REG;;1190.95;392.69;0;0;0;19000101;
20240130;102009479;3;20231005;2;1725.65;REG;;1233.94;349.7;0;0;0;19000101;
20240130;102009479;4;20231106;2;1693.54;REG;;1243.67;339.97;0;0;0;19000101;
20240130;102009479;5;20231205;2;1666.18;REG;;1306.36;277.28;0;0;0;19000101;
20240130;102009479;6;20240105;2;1632.64;REG;;1321.19;262.45;0;0;0;19000101;
20240130;102009479;7;20240205;1;1605.14;REG;;1355.78;227.86;0;0;0;19000101;
20240130;102009479;8;20240305;0;1605.14;REG;;1403.83;179.81;0;0;0;19000101;
20240130;102009479;9;20240405;0;1605.14;REG;;1428.02;155.62;0;0;0;19000101;
20240130;102009479;10;20240506;0;1605.14;REG;;1465.41;118.23;0;0;0;19000101;
20240130;102009479;11;20240605;0;1605.14;REG;;1506.38;77.26;0;0;0;19000101;
20240130;102009479;12;20240705;0;1605.08;REG;;1544.47;39.11;0;0;0;19000101;
20240130;103001897;1;20220819;2;2503.53;REG;;1435.07;518.41;0;93.31;25.6;19000101;20220824
20240130;103001897;2;20220919;2;3242.55;REG;;1504.93;459.2;0;0;0;19000101;
20240130;103001897;3;20221019;2;3267.37;REG;;1614.92;365.99;0;0;0;19000101;
20240130;103001897;4;20221119;2;3261.93;REG;;1702.31;291.93;0;0;0;19000101;
20240130;103001897;5;20221219;2;3274.85;REG;;1817.83;194.03;0;0;0;19000101;
20240130;103001897;6;20230119;2;3263.64;REG;;1924.94;103.2;0;0;0;19000101;
20240130;102009927;1;20230918;2;3772.2;REG;;0;3537.7;0;0;0;19000101;
20240130;102009927;2;20231018;2;1853.17;REG;;1072.33;350.82;0;0;0;19000101;
20240130;102009927;3;20231118;2;1815.91;REG;;1166.31;302.98;0;0;0;19000101;
20240130;102009927;4;20231218;2;1777.01;REG;;1293.26;229.99;0;0;0;19000101;
20240130;102009927;5;20240118;2;1727.4;REG;;1420.96;165.68;0;0;0;19000101;
20240130;102009927;6;20240219;1;1697.52;REG;;1547.14;89.23;0;0;0;19000101;
20240130;102008846;1;20230408;2;763.17;REG;;0;759.67;0;0;0;19000101;
20240130;102008846;2;20230508;2;733.45;REG;;461.65;102.55;0;0;0;19000101;
20240130;102008846;3;20230608;2;718.97;REG;;477.74;86.46;0;0;0;19000101;
20240130;102008846;4;20230708;2;705.99;REG;;500.18;64.02;0;0;0;19000101;
20240130;102008846;5;20230808;2;690.37;REG;;519.22;44.98;0;0;0;19000101;
20240130;102008846;6;20230908;2;672.81;REG;;541.21;22.96;0;0;0;19000101;
20240130;106000029;1;20220924;3;0;REG;;241.6;20.83;0;270;50.03;20231121;20231121
20240130;106000029;2;20221024;2;316.86;REG;;244.95;17.48;0;0;0;19000101;
20240130;106000029;3;20221124;2;313.45;REG;;247.88;14.55;0;0;0;19000101;
20240130;106000029;4;20221224;2;314.17;REG;;251.8;10.63;0;0;0;19000101;
20240130;106000029;5;20230124;2;310.45;REG;;255.05;7.38;0;0;0;19000101;
20240130;106000029;6;20230224;2;306.73;REG;;258.72;3.71;0;0;0;19000101;
20240130;103002795;1;20230608;2;783.65;REG;;0;780.15;0;0;0;19000101;
20240130;103002795;2;20230708;2;550.66;REG;;342.3;80.96;0;0;0;19000101;
20240130;103002795;3;20230808;2;540.36;REG;;361.58;64.62;0;0;0;19000101;
20240130;103002795;4;20230908;2;531.29;REG;;385.39;44.44;0;0;0;19000101;
20240130;103002795;5;20231009;2;518.52;REG;;410.73;22.93;0;0;0;19000101;
20240130;103001898;1;20220805;3;0;REG;;25.27;116.72;0;21.01;24;19000101;20220725
20240130;103001898;2;20220823;3;0;REG;;0;181.23;0;32.62;24;19000101;20220823
20240130;103001898;3;20220923;2;430.71;REG;;237.72;124.53;0;0;0;19000101;
20240130;103001898;4;20221024;2;428.41;REG;;240.91;121.83;0;0;0;19000101;
20240130;103001898;5;20221123;2;426.9;REG;;248.69;115.24;0;0;0;19000101;
20240130;103001898;6;20221223;2;424.69;REG;;251.92;112.5;0;0;0;19000101;
20240130;103001898;7;20230123;2;421.73;REG;;250.83;113.42;0;0;0;19000101;
20240130;103001898;8;20230223;2;419.48;REG;;254.2;110.57;0;0;0;19000101;
20240130;103001898;9;20230323;2;422.46;REG;;269.96;97.21;0;0;0;19000101;
20240130;103001898;10;20230424;2;414.55;REG;;257.21;108.02;0;0;0;19000101;
20240130;103001898;11;20230523;2;416.74;REG;;272.44;95.11;0;0;0;19000101;
20240130;103001898;12;20230623;2;413;REG;;268.31;98.61;0;0;0;19000101;
20240130;103001898;13;20230723;2;411.13;REG;;275.56;92.47;0;0;0;19000101;
20240130;103001898;14;20230823;2;408.03;REG;;275.59;92.44;0;0;0;19000101;
20240130;103001898;15;20230923;2;405.49;REG;;279.27;89.32;0;0;0;19000101;
20240130;103001898;16;20231023;2;403.57;REG;;286.32;83.35;0;0;0;19000101;
20240130;103001898;17;20231123;2;400.55;REG;;286.85;82.9;0;0;0;19000101;
20240130;103001898;18;20231223;2;398.98;REG;;293.74;77.06;0;0;0;19000101;
20240130;103001898;19;20240123;2;401.79;REG;;300.71;76.31;0;0;0;19000101;
20240130;103001898;20;20240223;1;401.02;REG;;304.12;72.9;0;0;0;19000101;
20240130;103001898;21;20240323;0;401.02;REG;;312.08;64.94;0;0;0;19000101;
20240130;103001898;22;20240423;0;401.02;REG;;311.11;65.91;0;0;0;19000101;
20240130;103001898;23;20240523;0;401.02;REG;;316.67;60.35;0;0;0;19000101;
20240130;103001898;24;20240623;0;401.02;REG;;318.24;58.78;0;0;0;19000101;
20240130;103001898;25;20240723;0;401.02;REG;;323.64;53.38;0;0;0;19000101;
20240130;103001898;26;20240823;0;401.02;REG;;325.52;51.5;0;0;0;19000101;
20240130;103001898;27;20240923;0;401.02;REG;;329.21;47.81;0;0;0;19000101;
20240130;103001898;28;20241023;0;401.02;REG;;334.38;42.64;0;0;0;19000101;
20240130;103001898;29;20241123;0;401.02;REG;;336.74;40.28;0;0;0;19000101;
20240130;103001898;30;20241223;0;401.02;REG;;341.75;35.27;0;0;0;19000101;
20240130;103001898;31;20250123;0;401.02;REG;;344.44;32.58;0;0;0;19000101;
20240130;103001898;32;20250223;0;401.02;REG;;348.35;28.67;0;0;0;19000101;
20240130;103001898;33;20250323;0;401.02;REG;;354.71;22.31;0;0;0;19000101;
20240130;103001898;34;20250423;0;401.02;REG;;356.33;20.69;0;0;0;19000101;
20240130;103001898;35;20250523;0;401.02;REG;;360.91;16.11;0;0;0;19000101;
20240130;103001898;36;20250623;0;401.02;REG;;364.47;12.55;0;0;0;19000101;
20240130;103001898;37;20250723;0;401.02;REG;;368.88;8.14;0;0;0;19000101;
20240130;103001898;38;20250823;0;401.18;REG;;372.95;4.23;0;0;0;19000101;
20240130;103003066;1;20230107;3;0;REG;;2562.84;347.59;0;62.57;227;20221207;20221207
20240130;103003066;2;20230207;2;1543.98;REG;;732.16;199.12;0;0;0;19000101;
20240130;103003066;3;20230307;2;1573.4;REG;;826.18;141.15;0;0;0;19000101;
20240130;103003066;4;20230407;2;1568.52;REG;;893.23;108.84;0;0;0;19000101;
20240130;103003066;5;20230508;2;1573.08;REG;;985.59;57.1;0;0;0;19000101;
20240130;102008847;1;20230408;2;763.17;REG;;0;759.67;0;0;0;19000101;
20240130;102008847;2;20230508;2;733.45;REG;;461.65;102.55;0;0;0;19000101;
20240130;102008847;3;20230608;2;718.97;REG;;477.74;86.46;0;0;0;19000101;
20240130;102008847;4;20230708;2;705.99;REG;;500.18;64.02;0;0;0;19000101;
20240130;102008847;5;20230808;2;690.37;REG;;519.22;44.98;0;0;0;19000101;
20240130;102008847;6;20230908;2;672.81;REG;;541.21;22.96;0;0;0;19000101;
20240130;102008477;1;20230323;2;913.72;REG;;0;910.22;0;0;0;19000101;
20240130;102008477;2;20230424;2;504.26;REG;;278.78;123.61;0;0;0;19000101;
20240130;102008477;3;20230523;2;501.67;REG;;300.97;101.42;0;0;0;19000101;
20240130;102008477;4;20230623;2;492.06;REG;;305.84;96.55;0;0;0;19000101;
20240130;102008477;5;20230723;2;484.17;REG;;320.82;81.57;0;0;0;19000101;
20240130;102008477;6;20230823;2;473.09;REG;;330.84;71.55;0;0;0;19000101;
20240130;102008477;7;20230923;2;461.36;REG;;344.04;58.35;0;0;0;19000101;
20240130;102008477;8;20231023;2;450.44;REG;;359.23;43.16;0;0;0;19000101;
20240130;102008477;9;20231123;2;437.85;REG;;372.09;30.3;0;0;0;19000101;
20240130;102008477;10;20231223;2;424.46;REG;;387.39;14.95;0;0;0;19000101;
20240130;103002796;1;20230608;2;783.65;REG;;0;780.15;0;0;0;19000101;
20240130;103002796;2;20230708;2;550.66;REG;;342.3;80.96;0;0;0;19000101;
20240130;103002796;3;20230808;2;540.36;REG;;361.58;64.62;0;0;0;19000101;
20240130;103002796;4;20230908;2;531.29;REG;;385.39;44.44;0;0;0;19000101;
20240130;103002796;5;20231009;2;518.52;REG;;410.73;22.93;0;0;0;19000101;
20240130;102009928;1;20230918;2;4351.47;REG;;0;4081.97;0;0;0;19000101;
20240130;102009928;2;20231018;2;2137.27;REG;;1237.3;404.79;0;0;0;19000101;
20240130;102009928;3;20231118;2;2093.8;REG;;1345.74;349.59;0;0;0;19000101;
20240130;102009928;4;20231218;2;2049.34;REG;;1492.21;265.38;0;0;0;19000101;
20240130;102009928;5;20240118;2;1992.17;REG;;1639.57;191.17;0;0;0;19000101;
20240130;102009928;6;20240219;1;1957.62;REG;;1785.18;102.96;0;0;0;19000101;
20240130;103003067;1;20230107;3;0;REG;;2949.4;579.32;0;104.28;367;20221207;20221207
20240130;103003067;2;20230207;2;2585.33;REG;;1159;408.45;0;0;0;19000101;
20240130;103003067;3;20230307;2;2640.27;REG;;1318.76;307.43;0;0;0;19000101;
20240130;103003067;4;20230407;2;2624.3;REG;;1415.1;264.91;0;0;0;19000101;
20240130;103003067;5;20230508;2;2631.51;REG;;1561.36;182.93;0;0;0;19000101;
20240130;103003067;6;20230607;2;2447.51;REG;;1596.38;89.42;0;0;0;19000101;
20240130;204000034;1;20231106;3;0;REG;;776.34;301.43;0;0;105.74;20240116;20240116
20240130;204000034;2;20231206;2;1166.7;REG;;829.54;249.55;0;0;0;19000101;
20240130;204000034;3;20240106;2;1123.43;REG;;868.71;211.79;0;0;0;19000101;
20240130;204000034;4;20240206;1;1086.95;REG;;918.68;163.3;0;0;0;19000101;
20240130;204000034;5;20240306;0;1086.95;REG;;978.94;104.6;0;0;0;19000101;
20240130;204000034;6;20240406;0;1086.91;REG;;1027.79;57.37;0;0;0;19000101;
20240130;102008848;1;20230408;2;763.17;REG;;0;759.67;0;0;0;19000101;
20240130;102008848;2;20230508;2;733.45;REG;;461.65;102.55;0;0;0;19000101;
20240130;102008848;3;20230608;2;718.97;REG;;477.74;86.46;0;0;0;19000101;
20240130;102008848;4;20230708;2;705.99;REG;;500.18;64.02;0;0;0;19000101;
20240130;102008848;5;20230808;2;690.37;REG;;519.22;44.98;0;0;0;19000101;
20240130;102008848;6;20230908;2;672.81;REG;;541.21;22.96;0;0;0;19000101;
20240130;103002797;1;20230608;2;783.65;REG;;0;780.15;0;0;0;19000101;
20240130;103002797;2;20230708;2;550.66;REG;;342.3;80.96;0;0;0;19000101;
20240130;103002797;3;20230808;2;540.36;REG;;361.58;64.62;0;0;0;19000101;
20240130;103002797;4;20230908;2;531.29;REG;;385.39;44.44;0;0;0;19000101;
20240130;103002797;5;20231009;2;518.52;REG;;410.73;22.93;0;0;0;19000101;
20240130;103001900;1;20220818;3;0;REG;;0;354.25;0;63.77;35.1;19000101;20220725
20240130;103001900;2;20220824;3;0;REG;;0;61.31;0;11.16;24;19000101;
20240130;103001900;3;20220825;3;0;REG;;0;12.47;0;70.61;24;19000101;
20240130;103001900;4;20220926;2;3902.82;REG;;2326.14;408.65;0;0;0;19000101;
20240130;103001900;5;20221025;2;3914.67;REG;;2453.04;301.11;0;0;0;19000101;
20240130;103001900;6;20221125;2;3878.73;REG;;2519.59;244.71;0;0;0;19000101;
20240130;103001900;7;20221226;2;3850.63;REG;;2613.51;165.12;0;0;0;19000101;
20240130;103001900;8;20230225;2;3690.85;REG;;2613.69;164.95;0;0;0;19000101;
20240130;103002289;1;20220926;2;1275.23;REG;;554.77;230.69;0;0;0;19000101;
20240130;103002289;2;20221025;2;1307.11;REG;;615.06;179.59;0;0;0;19000101;
20240130;103002289;3;20221125;2;1294.76;REG;;640.56;157.98;0;0;0;19000101;
20240130;103002289;4;20221226;2;1298.48;REG;;682.75;122.23;0;0;0;19000101;
20240130;103002289;5;20230125;2;1299.44;REG;;731.01;81.33;0;0;0;19000101;
20240130;103002289;6;20230225;2;1293.72;REG;;775.85;43.31;0;0;0;19000101;
20240130;103003068;1;20221207;3;0;REG;;3133;0;0;0;367;20221207;20221207
20240130;102009929;1;20230918;2;4061.84;REG;;0;3809.84;0;0;0;19000101;
20240130;103003068;2;20230207;2;1530.4;REG;;275.63;818.68;0;0;0;19000101;
20240130;102009929;2;20231018;2;1995.74;REG;;1154.81;377.81;0;0;0;19000101;
20240130;103003068;3;20230307;2;1944.55;REG;;845.46;343.95;0;0;0;19000101;
20240130;102009929;3;20231118;2;1954.5;REG;;1256.04;326.28;0;0;0;19000101;
20240130;103003068;4;20230407;2;1919.82;REG;;888.12;332.87;0;0;0;19000101;
20240130;102009929;4;20231218;2;1912.97;REG;;1392.74;247.69;0;0;0;19000101;
20240130;103003068;5;20230508;2;1924.57;REG;;979.92;281.42;0;0;0;19000101;
20240130;102009929;5;20240118;2;1859.72;REG;;1530.26;178.43;0;0;0;19000101;
20240130;103003068;6;20230607;2;1930.23;REG;;1089.98;217.21;0;0;0;19000101;
20240130;102009929;6;20240219;1;1827.56;REG;;1666.15;96.09;0;0;0;19000101;
20240130;103003068;7;20230707;2;1923.43;REG;;1200.18;156.15;0;0;0;19000101;
20240130;103003068;8;20230807;2;1906.09;REG;;1317.91;91.98;0;0;0;19000101;
20240130;103003068;9;20230907;2;383.01;REG;;269.8;15.63;0;0;0;19000101;
20240130;102008849;1;20230408;2;763.17;REG;;0;759.67;0;0;0;19000101;
20240130;102008849;2;20230508;2;733.45;REG;;461.65;102.55;0;0;0;19000101;
20240130;102008849;3;20230608;2;718.97;REG;;477.74;86.46;0;0;0;19000101;
20240130;102008849;4;20230708;2;705.99;REG;;500.18;64.02;0;0;0;19000101;
20240130;102008849;5;20230808;2;690.37;REG;;519.22;44.98;0;0;0;19000101;
20240130;102008849;6;20230908;2;672.81;REG;;541.21;22.96;0;0;0;19000101;
20240130;202000015;1;20231111;3;0;REG;;52.91;51.44;0;0;3.5;20231013;20231013
20240130;202000015;2;20231211;3;0;REG;;56.35;48;0;0;3.5;20231013;20231013
20240130;202000015;3;20240111;3;0;REG;;56.81;47.69;0;0;3.5;20231013;20231013
20240130;202000015;4;20240212;3;0;REG;;56.9;47.25;0;0;3.5;20231113;20231113
20240130;202000015;5;20240311;1;107.65;REG;;64.66;39.49;0;0;0;19000101;
20240130;202000015;6;20240411;0;107.65;REG;;62.57;41.58;0;0;0;19000101;
20240130;202000015;7;20240511;0;107.65;REG;;66.01;38.14;0;0;0;19000101;
20240130;202000015;8;20240611;0;107.65;REG;;66.98;37.17;0;0;0;19000101;
20240130;202000015;9;20240711;0;107.65;REG;;70.42;33.73;0;0;0;19000101;
20240130;202000015;10;20240812;0;107.65;REG;;70.63;33.52;0;0;0;19000101;
20240130;202000015;11;20240911;0;107.65;REG;;75.1;29.05;0;0;0;19000101;
20240130;202000015;12;20241011;0;107.65;REG;;77.59;26.56;0;0;0;19000101;
20240130;202000015;13;20241111;0;107.65;REG;;79.35;24.8;0;0;0;19000101;
20240130;202000015;14;20241211;0;107.65;REG;;82.8;21.35;0;0;0;19000101;
20240130;202000015;15;20250111;0;107.65;REG;;84.91;19.24;0;0;0;19000101;
20240130;202000015;16;20250211;0;107.65;REG;;87.83;16.32;0;0;0;19000101;
20240130;202000015;17;20250311;0;107.65;REG;;92.15;12;0;0;0;19000101;
20240130;202000015;18;20250411;0;107.65;REG;;94;10.15;0;0;0;19000101;
20240130;202000015;19;20250512;0;107.65;REG;;97.22;6.93;0;0;0;19000101;
20240130;202000015;20;20250611;0;111.79;REG;;104.81;3.48;0;0;0;19000101;
20240130;103002799;1;20230608;2;783.65;REG;;0;780.15;0;0;0;19000101;
20240130;103002799;2;20230708;2;550.66;REG;;342.3;80.96;0;0;0;19000101;
20240130;103002799;3;20230808;2;540.36;REG;;361.58;64.62;0;0;0;19000101;
20240130;103002799;4;20230908;2;531.29;REG;;385.39;44.44;0;0;0;19000101;
20240130;103002799;5;20231009;2;518.52;REG;;410.73;22.93;0;0;0;19000101;
20240130;102008480;1;20230323;2;367.65;REG;;0;354.15;0;0;0;19000101;
20240130;102008480;2;20230424;2;173.98;REG;;79.04;47.75;0;0;0;19000101;
20240130;102008480;3;20230523;2;173.03;REG;;87.03;39.76;0;0;0;19000101;
20240130;102008480;4;20230623;2;169.01;REG;;88.24;38.55;0;0;0;19000101;
20240130;102008480;5;20230723;2;167;REG;;93.46;33.33;0;0;0;19000101;
20240130;102008480;6;20230823;2;162.71;REG;;96.64;30.15;0;0;0;19000101;
20240130;102008480;7;20230923;2;159.64;REG;;101.11;25.68;0;0;0;19000101;
20240130;102008480;8;20231023;2;156.13;REG;;106.48;20.31;0;0;0;19000101;
20240130;102008480;9;20231123;2;151.17;REG;;110.7;16.09;0;0;0;19000101;
20240130;102008480;10;20231223;2;146.75;REG;;116.18;10.61;0;0;0;19000101;
20240130;102008480;11;20240123;2;141.48;REG;;121.12;5.6;0;0;0;19000101;
20240130;103001908;1;20220818;3;0;REG;;133.01;288.77;0;51.98;17.84;20220824;20220824
20240130;103001908;2;20220919;2;393.97;REG;;102.71;314.45;0;14.03;17;19000101;20220824
20240130;103001908;3;20221018;2;510.49;REG;;141.94;281.2;0;0;0;19000101;
20240130;103001908;4;20221118;2;498.79;REG;;124.42;296.05;0;0;0;19000101;
20240130;103001908;5;20221219;2;495.22;REG;;129.46;291.78;0;0;0;19000101;
20240130;103001908;6;20230118;2;501.06;REG;;145.83;277.91;0;0;0;19000101;
20240130;103001908;7;20230218;2;491.88;REG;;140.61;282.33;0;0;0;19000101;
20240130;103001908;8;20230318;2;506.22;REG;;178.49;250.23;0;0;0;19000101;
20240130;103001908;9;20230418;2;490.68;REG;;153.54;271.37;0;0;0;19000101;
20240130;103001908;10;20230518;2;493.21;REG;;170.06;257.37;0;0;0;19000101;
20240130;103001908;11;20230618;2;484.63;REG;;166.65;260.26;0;0;0;19000101;
20240130;103001908;12;20230718;2;485.67;REG;;183.26;246.19;0;0;0;19000101;
20240130;103001908;13;20230818;2;479.05;REG;;180.82;248.25;0;0;0;19000101;
20240130;103001908;14;20230918;2;475.32;REG;;188.15;242.04;0;0;0;19000101;
20240130;103001908;15;20231018;2;472.63;REG;;204.9;227.85;0;0;0;19000101;
20240130;103001908;16;20231118;2;465.68;REG;;204.08;228.54;0;0;0;19000101;
20240130;103001908;17;20231218;2;462.51;REG;;220.92;214.27;0;0;0;19000101;
20240130;103001908;18;20240118;2;469.74;REG;;235.67;213.95;0;0;0;19000101;
20240130;103001908;19;20240218;1;466.62;REG;;243.76;205.86;0;0;0;19000101;
20240130;103001908;20;20240318;0;466.62;REG;;265.08;184.54;0;0;0;19000101;
20240130;103001908;21;20240418;0;466.62;REG;;261.23;188.39;0;0;0;19000101;
20240130;103001908;22;20240518;0;466.62;REG;;276.09;173.53;0;0;0;19000101;
20240130;103001908;23;20240618;0;466.62;REG;;279.68;169.94;0;0;0;19000101;
20240130;103001908;24;20240718;0;466.62;REG;;294.54;155.08;0;0;0;19000101;
20240130;103001908;25;20240818;0;466.62;REG;;299.4;150.22;0;0;0;19000101;
20240130;103001908;26;20240918;0;466.62;REG;;309.68;139.94;0;0;0;19000101;
20240130;103001908;27;20241018;0;466.62;REG;;324.55;125.07;0;0;0;19000101;
20240130;103001908;28;20241118;0;466.62;REG;;331.46;118.16;0;0;0;19000101;
20240130;103001908;29;20241218;0;466.62;REG;;346.34;103.28;0;0;0;19000101;
20240130;103001908;30;20250118;0;466.62;REG;;354.73;94.89;0;0;0;19000101;
20240130;103001908;31;20250218;0;466.62;REG;;366.91;82.71;0;0;0;19000101;
20240130;103001908;32;20250318;0;466.62;REG;;386.4;63.22;0;0;0;19000101;
20240130;103001908;33;20250418;0;466.62;REG;;392.77;56.85;0;0;0;19000101;
20240130;103001908;34;20250518;0;466.62;REG;;407.68;41.94;0;0;0;19000101;
20240130;103001908;35;20250618;0;466.62;REG;;420.26;29.36;0;0;0;19000101;
20240130;103001908;36;20250718;0;466.36;REG;;434.92;14.44;0;0;0;19000101;
20240130;102009930;1;20230918;2;2899.81;REG;;0;2721.31;0;0;0;19000101;
20240130;102009930;2;20231018;2;1424.04;REG;;824.88;269.86;0;0;0;19000101;
20240130;102009930;3;20231118;2;1394.47;REG;;897.17;233.06;0;0;0;19000101;
20240130;102009930;4;20231218;2;1364.78;REG;;994.81;176.92;0;0;0;19000101;
20240130;102009930;5;20240118;2;1326.93;REG;;1093.03;127.45;0;0;0;19000101;
20240130;102009930;6;20240219;1;1303.9;REG;;1190.11;68.64;0;0;0;19000101;
20240130;102008850;1;20230408;2;763.17;REG;;0;759.67;0;0;0;19000101;
20240130;102008850;2;20230508;2;733.45;REG;;461.65;102.55;0;0;0;19000101;
20240130;102008850;3;20230608;2;718.97;REG;;477.74;86.46;0;0;0;19000101;
20240130;102008850;4;20230708;2;705.99;REG;;500.18;64.02;0;0;0;19000101;
20240130;102008850;5;20230808;2;690.37;REG;;519.22;44.98;0;0;0;19000101;
20240130;102008850;6;20230908;2;672.81;REG;;541.21;22.96;0;0;0;19000101;
20240130;103003079;1;20230109;2;2295.33;REG;;1068.33;289.66;0;0;0;19000101;
20240130;103003079;2;20230209;2;2318.14;REG;;1178.75;227.77;0;0;0;19000101;
20240130;103003079;3;20230309;2;2358.66;REG;;1319.27;143.65;0;0;0;19000101;
20240130;103003079;4;20230410;2;2354.03;REG;;1433.65;85.81;0;0;0;19000101;
20240130;102010338;1;20231111;2;1022.25;REG;;647.21;251.19;0;0;0;19000101;
20240130;102010338;2;20231211;2;991.55;REG;;691.56;207.94;0;0;0;19000101;
20240130;102010338;3;20240111;2;955.18;REG;;724.22;176.46;0;0;0;19000101;
20240130;102010338;4;20240212;1;931.05;REG;;761.36;140.55;0;0;0;19000101;
20240130;102010338;5;20240311;0;931.05;REG;;818.94;84.26;0;0;0;19000101;
20240130;102010338;6;20240411;0;930.99;REG;;856.71;47.82;0;0;0;19000101;
20240130;102009945;1;20230921;2;545.06;REG;;0;541.56;0;0;0;19000101;
20240130;102009945;2;20231021;2;630.65;REG;;487.33;53.97;0;0;0;19000101;
20240130;102009945;3;20231121;2;607.79;REG;;512.67;28.62;0;0;0;19000101;
20240130;103002800;1;20230608;2;783.65;REG;;0;780.15;0;0;0;19000101;
20240130;103002800;2;20230708;2;550.66;REG;;342.3;80.96;0;0;0;19000101;
20240130;103002800;3;20230808;2;540.36;REG;;361.58;64.62;0;0;0;19000101;
20240130;103002800;4;20230908;2;531.29;REG;;385.39;44.44;0;0;0;19000101;
20240130;103002800;5;20231009;2;518.52;REG;;410.73;22.93;0;0;0;19000101;
20240130;103002314;1;20220926;2;1497.46;REG;;769.96;322.61;0;0;0;19000101;
20240130;103002314;2;20221026;2;1487.59;REG;;804.51;288.06;0;0;0;19000101;
20240130;103002314;3;20221126;2;1470.77;REG;;820.67;271.9;0;0;0;19000101;
20240130;103002314;4;20221226;2;1457.57;REG;;855.14;237.43;0;0;0;19000101;
20240130;103002314;5;20230126;2;1437.98;REG;;874.64;217.93;0;0;0;19000101;
20240130;103002314;6;20230227;2;1419.61;REG;;896.59;195.98;0;0;0;19000101;
20240130;103002314;7;20230327;2;1409.31;REG;;947.48;145.09;0;0;0;19000101;
20240130;103002314;8;20230426;2;1385.78;REG;;966.47;126.1;0;0;0;19000101;
20240130;103002314;9;20230526;2;1363.56;REG;;996.58;95.99;0;0;0;19000101;
20240130;103002314;10;20230626;2;1338.48;REG;;1025.42;67.15;0;0;0;19000101;
20240130;103002314;11;20230726;2;1312.63;REG;;1059.54;33.01;0;0;0;19000101;
20240130;102008851;1;20230408;2;763.17;REG;;0;759.67;0;0;0;19000101;
20240130;102008851;2;20230508;2;733.45;REG;;461.65;102.55;0;0;0;19000101;
20240130;102008851;3;20230608;2;718.97;REG;;477.74;86.46;0;0;0;19000101;
20240130;102008851;4;20230708;2;705.99;REG;;500.18;64.02;0;0;0;19000101;
20240130;102008851;5;20230808;2;690.37;REG;;519.22;44.98;0;0;0;19000101;
20240130;102008851;6;20230908;2;672.81;REG;;541.21;22.96;0;0;0;19000101;
20240130;103003082;1;20221114;2;587.6;REG;;295.06;94.56;0;0;0;19000101;
20240130;103003082;2;20221214;2;582.64;REG;;311.67;77.95;0;0;0;19000101;
20240130;103003082;3;20230114;2;576;REG;;323.74;65.88;0;0;0;19000101;
20240130;103003082;4;20230214;2;571.63;REG;;339.05;50.57;0;0;0;19000101;
20240130;103003082;5;20230314;2;563.99;REG;;358.49;31.13;0;0;0;19000101;
20240130;103003082;6;20230414;2;553.32;REG;;371.99;17.59;0;0;0;19000101;
20240130;102009994;1;20230921;2;2910.2;REG;;0;2903.2;0;0;0;19000101;
20240130;102009994;2;20231021;2;1347.78;REG;;927.06;312.72;0;0;0;19000101;
20240130;102009994;3;20231121;2;1318.18;REG;;948.01;291.77;0;0;0;19000101;
20240130;102009994;4;20231221;2;1289.58;REG;;988.78;251;0;0;0;19000101;
20240130;102009994;5;20240122;2;1255.5;REG;;1006.51;233.27;0;0;0;19000101;
20240130;102009994;6;20240221;1;1246.78;REG;;1054.46;185.32;0;0;0;19000101;
20240130;102009994;7;20240321;0;1246.78;REG;;1094.27;145.51;0;0;0;19000101;
20240130;102009994;8;20240422;0;1246.78;REG;;1117.42;122.36;0;0;0;19000101;
20240130;102009994;9;20240521;0;1246.78;REG;;1164.61;75.17;0;0;0;19000101;
20240130;102009994;10;20240621;0;1246.68;REG;;1198.88;40.8;0;0;0;19000101;
20240130;102009093;1;20230623;2;2232.55;REG;;0;2220.8;0;0;0;19000101;
20240130;102009093;2;20230724;2;2346.59;REG;;1801.09;248.7;0;0;0;19000101;
20240130;102009093;3;20230823;2;2309.56;REG;;1854.82;194.97;0;0;0;19000101;
20240130;102009093;4;20230923;2;2265.36;REG;;1896.8;152.99;0;0;0;19000101;
20240130;102009093;5;20231023;2;2222.91;REG;;1949.83;99.96;0;0;0;19000101;
20240130;102009093;6;20231123;2;2175.06;REG;;1997.46;52.29;0;0;0;19000101;
20240130;103001923;1;20220820;3;0;REG;;1421.11;482.53;0;86.86;13.5;20220811;20220811
20240130;103001923;2;20220920;3;0;REG;;0;392.89;0;73.14;18;19000101;20220922
20240130;103001923;3;20220922;3;0;REG;;0;21.08;0;3.88;13.5;19000101;20220922
20240130;103001923;4;20221121;2;1038.99;REG;;965.27;806.16;0;0;648.83;19000101;20231221
20240130;103001923;5;20221221;2;1623.98;REG;;1511.98;342.85;0;0;934.25;19000101;20231221
20240130;103001923;6;20230121;2;1711.39;REG;;1593.79;273.52;0;0;901.96;19000101;20231221
20240130;103001923;7;20230221;2;1819.02;REG;;1694.62;188.07;0;0;870.19;19000101;20231221
20240130;103001923;8;20230321;2;1945.63;REG;;1813.23;87.58;0;0;845.26;19000101;20231221
20240130;102010340;1;20231111;3;0;REG;;649.98;251.19;0;0;18.5;20231109;20231109
20240130;102010340;2;20231211;3;0;REG;;693.38;207.79;0;0;18.5;20231120;20231120
20240130;102010340;3;20240111;3;0;REG;;724.96;176.21;0;0;18.5;20231120;20231120
20240130;102010340;4;20240212;1;919.67;REG;;760.93;140.24;0;0;0;19000101;
20240130;102010340;5;20240311;0;919.67;REG;;817.16;84.01;0;0;0;19000101;
20240130;102010340;6;20240411;0;919.74;REG;;853.59;47.65;0;0;0;19000101;
20240130;102008862;1;20230505;2;978.39;REG;;0;974.89;0;0;0;19000101;
20240130;102008862;2;20230605;2;843.9;REG;;553.18;119.67;0;0;0;19000101;
20240130;102008862;3;20230705;2;829.26;REG;;578.45;94.4;0;0;0;19000101;
20240130;102008862;4;20230805;2;811.85;REG;;598.32;74.53;0;0;0;19000101;
20240130;102008862;5;20230905;2;792.53;REG;;622.19;50.66;0;0;0;19000101;
20240130;102008862;6;20231005;2;772.29;REG;;647.86;24.99;0;0;0;19000101;
20240130;103002324;1;20220927;2;299.76;REG;;658.21;216.75;0;0;17;19000101;20220827
20240130;103002324;2;20221027;2;1255.36;REG;;688.32;186.64;0;0;0;19000101;
20240130;103002324;3;20221128;2;1234.36;REG;;701.33;173.63;0;0;0;19000101;
20240130;103002324;4;20221227;2;1231.11;REG;;741.56;133.4;0;0;0;19000101;
20240130;103002324;5;20230127;2;1212.12;REG;;758.98;115.98;0;0;0;19000101;
20240130;103002324;6;20230227;2;1195.26;REG;;786.4;88.56;0;0;0;19000101;
20240130;103002324;7;20230327;2;1182.43;REG;;820.72;54.24;0;0;0;19000101;
20240130;103002324;8;20230427;2;1161.65;REG;;844.48;30.51;0;0;0;19000101;
20240130;102009501;1;20230810;2;2277.41;REG;;0;2133.91;0;0;0;19000101;
20240130;102009501;2;20230911;2;1177.49;REG;;643.89;230.69;0;0;0;19000101;
20240130;102009501;3;20231010;2;1171.47;REG;;732.21;174.94;0;0;0;19000101;
20240130;102009501;4;20231110;2;1145.83;REG;;791.43;146.47;0;0;0;19000101;
20240130;102009501;5;20231211;2;1117.69;REG;;871.26;102.29;0;0;0;19000101;
20240130;102009501;6;20240110;2;1084.03;REG;;961.21;51.88;0;0;0;19000101;
20240130;102010341;1;20231111;2;1122.52;REG;;719.12;279.1;0;0;0;19000101;
20240130;102010341;2;20231211;2;1089.22;REG;;768.39;231.05;0;0;0;19000101;
20240130;102010341;3;20240111;2;1048.51;REG;;804.68;196.07;0;0;0;19000101;
20240130;102010341;4;20240212;1;1021.72;REG;;845.95;156.17;0;0;0;19000101;
20240130;102010341;5;20240311;0;1021.72;REG;;909.93;93.62;0;0;0;19000101;
20240130;102010341;6;20240411;0;1021.69;REG;;951.93;53.14;0;0;0;19000101;
20240130;102009998;1;20230921;2;2984.75;REG;;0;2676.75;0;0;0;19000101;
20240130;102009998;2;20231021;2;909.76;REG;;287.35;283.1;0;0;0;19000101;
20240130;102009998;3;20231121;2;900.85;REG;;297.6;282.91;0;0;0;19000101;
20240130;102009998;4;20231221;2;892.45;REG;;327.08;263.84;0;0;0;19000101;
20240130;102009998;5;20240122;2;881.33;REG;;332.13;270.24;0;0;0;19000101;
20240130;102009998;6;20240221;1;878.45;REG;;371.86;242.14;0;0;0;19000101;
20240130;102009998;7;20240321;0;878.45;REG;;404.89;222.12;0;0;0;19000101;
20240130;102009998;8;20240422;0;878.45;REG;;409.92;231.26;0;0;0;19000101;
20240130;102009998;9;20240521;0;878.45;REG;;459.33;196.2;0;0;0;19000101;
20240130;102009998;10;20240621;0;878.45;REG;;477.28;194.33;0;0;0;19000101;
20240130;102009998;11;20240722;0;878.45;REG;;510.22;178.09;0;0;0;19000101;
20240130;102009998;12;20240821;0;878.45;REG;;550.72;155.45;0;0;0;19000101;
20240130;102009998;13;20240921;0;878.45;REG;;583.46;141.98;0;0;0;19000101;
20240130;102009998;14;20241021;0;878.45;REG;;627.74;118.12;0;0;0;19000101;
20240130;102009998;15;20241121;0;878.45;REG;;667.08;100.76;0;0;0;19000101;
20240130;102009998;16;20241221;0;878.45;REG;;715.69;75.49;0;0;0;19000101;
20240130;102009998;17;20250121;0;878.45;REG;;762.54;53.69;0;0;0;19000101;
20240130;102009998;18;20250221;0;878.38;REG;;815.11;27.74;0;0;0;19000101;
20240130;102009095;1;20230602;2;1237.11;REG;;0;1223.61;0;0;0;19000101;
20240130;102009095;2;20230703;2;991.9;REG;;659.93;142.81;0;0;0;19000101;
20240130;102009095;3;20230802;2;974.23;REG;;690.08;112.66;0;0;0;19000101;
20240130;102009095;4;20230902;2;951.46;REG;;713.78;88.96;0;0;0;19000101;
20240130;102009095;5;20231002;2;929.04;REG;;744.24;58.5;0;0;0;19000101;
20240130;102009095;6;20231102;2;902.6;REG;;771.97;30.8;0;0;0;19000101;
20240130;103001928;1;20221212;2;465.69;REG;;0;553.41;0;15.78;3.5;19000101;20220723
20240130;103001928;2;20230111;2;691.56;REG;;353.98;103.68;0;0;0;19000101;
20240130;103001928;3;20230211;2;686.44;REG;;372.18;88.25;0;0;0;19000101;
20240130;103001928;4;20230311;2;690;REG;;403.71;61.53;0;0;0;19000101;
20240130;103001928;5;20230411;2;680.4;REG;;421.27;46.65;0;0;0;19000101;
20240130;103001928;6;20230511;2;676.47;REG;;448.86;23.27;0;0;0;19000101;
20240130;102009503;1;20230810;2;4280.57;REG;;0;4001.07;0;0;0;19000101;
20240130;102009503;2;20230911;2;2218.39;REG;;1207.29;432.54;0;0;0;19000101;
20240130;102009503;3;20231010;2;2208.07;REG;;1372.89;328.02;0;0;0;19000101;
20240130;102009503;4;20231110;2;2158.36;REG;;1483.94;274.63;0;0;0;19000101;
20240130;102009503;5;20231211;2;2105.67;REG;;1633.62;191.79;0;0;0;19000101;
20240130;102009503;6;20240110;2;2042.81;REG;;1802.26;97.27;0;0;0;19000101;
20240130;102008863;1;20230408;2;763.17;REG;;0;759.67;0;0;0;19000101;
20240130;102008863;2;20230508;2;733.45;REG;;461.65;102.55;0;0;0;19000101;
20240130;102008863;3;20230608;2;718.97;REG;;477.74;86.46;0;0;0;19000101;
20240130;102008863;4;20230708;2;705.99;REG;;500.18;64.02;0;0;0;19000101;
20240130;102008863;5;20230808;2;690.37;REG;;519.22;44.98;0;0;0;19000101;
20240130;102008863;6;20230908;2;672.81;REG;;541.21;22.96;0;0;0;19000101;
20240130;102010342;1;20231111;2;1020.87;REG;;649.98;251.19;0;0;0;19000101;
20240130;102010342;2;20231211;2;990.67;REG;;693.38;207.79;0;0;0;19000101;
20240130;102008543;1;20230323;2;1094.5;REG;;4.03;1086.93;0;0;0;19000101;
20240130;102010342;3;20240111;2;953.8;REG;;724.96;176.21;0;0;0;19000101;
20240130;102010342;4;20240212;1;929.67;REG;;760.93;140.24;0;0;0;19000101;
20240130;102010342;5;20240311;0;929.67;REG;;817.16;84.01;0;0;0;19000101;
20240130;102010342;6;20240411;0;929.74;REG;;853.59;47.65;0;0;0;19000101;
20240130;102008543;2;20230424;2;1347.39;REG;;934.4;156.56;0;0;0;19000101;
20240130;102008543;3;20230523;2;1331.38;REG;;975.78;115.18;0;0;0;19000101;
20240130;102008543;4;20230623;2;1306.66;REG;;997.33;93.63;0;0;0;19000101;
20240130;102008543;5;20230723;2;1283.61;REG;;1029.66;61.3;0;0;0;19000101;
20240130;102008543;6;20230823;2;1257.68;REG;;1058.8;32.13;0;0;0;19000101;
20240130;102009096;1;20230623;2;3523.83;REG;;0;3492.58;0;0;0;19000101;
20240130;102009096;2;20230724;2;2141.35;REG;;1528.94;400.6;0;0;0;19000101;
20240130;102009096;3;20230823;2;2117.62;REG;;1570.89;358.65;0;0;0;19000101;
20240130;102009096;4;20230923;2;2088.5;REG;;1589.52;340.02;0;0;0;19000101;
20240130;102009096;5;20231023;2;2061.77;REG;;1630.64;298.9;0;0;0;19000101;
20240130;102009096;6;20231123;2;2030.83;REG;;1652.44;277.1;0;0;0;19000101;
20240130;102009096;7;20231223;2;2001.07;REG;;1692.71;236.83;0;0;0;19000101;
20240130;102009096;8;20240123;2;1968.28;REG;;1717.81;211.73;0;0;0;19000101;
20240130;102009096;9;20240223;1;1960.79;REG;;1751.38;178.16;0;0;0;19000101;
20240130;102009096;10;20240323;0;1960.79;REG;;1794.98;134.56;0;0;0;19000101;
20240130;102009096;11;20240423;0;1960.79;REG;;1820.68;108.86;0;0;0;19000101;
20240130;102009096;12;20240523;0;1960.79;REG;;1858.65;70.89;0;0;0;19000101;
20240130;102009096;13;20240624;0;1960.77;REG;;1891.36;38.16;0;0;0;19000101;
20240130;105001740;1;20230922;3;0;REG;;0;2461.37;0;443.05;171;20231025;20231025
20240130;103001937;1;20220824;2;7512.86;REG;;5759.65;478.09;0;0;0;19000101;20220723
20240130;105001740;2;20231023;2;1282.66;REG;;732.76;251.19;0;0;0;19000101;
20240130;103001937;2;20220924;2;7474.85;REG;;5864.82;388.97;0;0;0;19000101;
20240130;105001740;3;20231122;2;1262.23;REG;;814.88;203.33;0;0;0;19000101;
20240130;103001937;3;20221024;2;7436.18;REG;;5965.84;303.36;0;0;0;19000101;
20240130;105001740;4;20231222;2;1232.71;REG;;895.3;159.35;0;0;0;19000101;
20240130;103001937;4;20221124;2;7384.86;REG;;6044.38;236.8;0;0;0;19000101;
20240130;105001740;5;20240122;2;1198.01;REG;;983.84;114.83;0;0;0;19000101;
20240130;103001937;5;20221226;2;7334.24;REG;;6130.02;164.22;0;0;0;19000101;
20240130;105001740;6;20240222;1;1184.19;REG;;1073.22;59.91;0;0;0;19000101;
20240130;103001937;6;20230124;2;7291.76;REG;;6235.29;75;0;0;0;19000101;
20240130;102008864;1;20230408;2;763.17;REG;;0;759.67;0;0;0;19000101;
20240130;102008864;2;20230508;2;733.45;REG;;461.65;102.55;0;0;0;19000101;
20240130;102008864;3;20230608;2;718.97;REG;;477.74;86.46;0;0;0;19000101;
20240130;102008864;4;20230708;2;705.99;REG;;500.18;64.02;0;0;0;19000101;
20240130;102008864;5;20230808;2;690.37;REG;;519.22;44.98;0;0;0;19000101;
20240130;102008864;6;20230908;2;672.81;REG;;541.21;22.96;0;0;0;19000101;
20240130;102009504;1;20230810;2;571.98;REG;;0;533.48;0;0;0;19000101;
20240130;102009504;2;20230911;2;296.68;REG;;160.98;57.67;0;0;0;19000101;
20240130;102009504;3;20231010;2;295.5;REG;;183.05;43.74;0;0;0;19000101;
20240130;102009504;4;20231110;2;289.29;REG;;197.86;36.62;0;0;0;19000101;
20240130;102009504;5;20231211;2;281.93;REG;;217.83;25.57;0;0;0;19000101;
20240130;102009504;6;20240110;2;273.56;REG;;240.28;12.97;0;0;0;19000101;
20240130;102010343;1;20231111;2;1140.52;REG;;719.12;279.1;0;0;0;19000101;
20240130;102010343;2;20231211;2;1107.22;REG;;768.39;231.05;0;0;0;19000101;
20240130;102010343;3;20240111;2;1066.51;REG;;804.68;196.07;0;0;0;19000101;
20240130;102010343;4;20240212;1;1039.72;REG;;845.95;156.17;0;0;0;19000101;
20240130;102010343;5;20240311;0;1039.72;REG;;909.93;93.62;0;0;0;19000101;
20240130;102010343;6;20240411;0;1039.69;REG;;951.93;53.14;0;0;0;19000101;
20240130;102008544;1;20230322;2;1551.11;REG;;0;1544.11;0;0;0;19000101;
20240130;102008544;2;20230422;2;1201.13;REG;;811.07;221.7;0;0;0;19000101;
20240130;102008544;3;20230522;2;1189.07;REG;;835.7;197.07;0;0;0;19000101;
20240130;102008544;4;20230622;2;1172.98;REG;;847.58;185.19;0;0;0;19000101;
20240130;102008544;5;20230722;2;1158.8;REG;;871.8;160.97;0;0;0;19000101;
20240130;102008544;6;20230822;2;1141.19;REG;;885.7;147.07;0;0;0;19000101;
20240130;102008544;7;20230922;2;1122.97;REG;;905.34;127.43;0;0;0;19000101;
20240130;102008544;8;20231022;2;1105.77;REG;;928.91;103.86;0;0;0;19000101;
20240130;102008544;9;20231122;2;1086;REG;;946;86.77;0;0;0;19000101;
20240130;102008544;10;20231222;2;1066.68;REG;;969.12;63.65;0;0;0;19000101;
20240130;102008544;11;20240122;2;1045.37;REG;;988.46;44.31;0;0;0;19000101;
20240130;102008544;12;20240222;1;1039.72;REG;;1010.32;22.4;0;0;0;19000101;
20240130;102008865;1;20230408;2;763.17;REG;;0;759.67;0;0;0;19000101;
20240130;102008865;2;20230508;2;733.45;REG;;461.65;102.55;0;0;0;19000101;
20240130;102009506;1;20230810;2;3417.86;REG;;0;3200.86;0;0;0;19000101;
20240130;102008865;3;20230608;2;718.97;REG;;477.74;86.46;0;0;0;19000101;
20240130;102009506;2;20230911;2;1767.32;REG;;965.83;346.03;0;0;0;19000101;
20240130;102008865;4;20230708;2;705.99;REG;;500.18;64.02;0;0;0;19000101;
20240130;102009506;3;20231010;2;1760.07;REG;;1098.29;262.42;0;0;0;19000101;
20240130;102008865;5;20230808;2;690.37;REG;;519.22;44.98;0;0;0;19000101;
20240130;102009506;4;20231110;2;1720.08;REG;;1187.14;219.7;0;0;0;19000101;
20240130;102008865;6;20230908;2;672.81;REG;;541.21;22.96;0;0;0;19000101;
20240130;102009506;5;20231211;2;1678.03;REG;;1306.88;153.44;0;0;0;19000101;
20240130;102009506;6;20240110;2;1627.75;REG;;1441.86;77.82;0;0;0;19000101;
20240130;103001939;1;20220811;3;0;REG;;266.93;125.05;0;22.51;3.95;20220812;20220812
20240130;103001939;2;20220912;2;553.66;REG;;301.21;96;0;17.28;8.6;19000101;20220922
20240130;103001939;3;20221011;2;652.33;REG;;329.9;71.69;0;12.9;3.5;19000101;20220922
20240130;103001939;4;20221111;2;665.46;REG;;344.78;59.08;0;0;0;19000101;
20240130;103001939;5;20221212;2;667.36;REG;;366.58;40.6;0;0;0;19000101;
20240130;103001939;6;20230111;2;667.79;REG;;390.6;20.25;0;0;0;19000101;
20240130;102010035;1;20230923;3;0;REG;;109.85;885.65;0;0;4.5;20230121;20230121
20240130;102010035;2;20231023;2;488.26;REG;;345.86;86.42;0;0;0;19000101;
20240130;102010035;3;20231123;2;473.5;REG;;359.26;73.02;0;0;0;19000101;
20240130;102010035;4;20231223;2;458.06;REG;;378.1;54.18;0;0;0;19000101;
20240130;102010035;5;20240123;2;440.91;REG;;394.13;38.15;0;0;0;19000101;
20240130;102010035;6;20240223;1;436.82;REG;;412.8;19.52;0;0;0;19000101;
20240130;102009098;1;20221114;3;0;REG;;2879.57;1945.83;0;0;57.5;20221013;20221013
20240130;102009098;2;20221213;3;0;REG;;3178.13;1647.27;0;0;57.5;20221013;20221013
20240130;102009098;3;20230113;3;0;REG;;3195.22;1630.18;0;0;57.5;20221013;20221013
20240130;102009098;4;20230213;3;0;REG;;3328.97;1496.43;0;0;57.5;20221013;20221013
20240130;102009098;5;20230313;3;0;REG;;3602.1;1223.3;0;0;57.5;20221013;20221013
20240130;102009098;6;20230413;3;0;REG;;3619.12;1206.28;0;0;57.5;20221013;20221013
20240130;102009098;7;20230513;3;0;REG;;3805.32;1020.08;0;0;57.5;20221013;20221013
20240130;102009098;8;20230613;3;0;REG;;3929.92;895.48;0;0;57.5;20221013;20221013
20240130;102009098;9;20230713;2;4996.58;REG;;4118.48;706.92;0;0;57.5;19000101;20221013
20240130;102009098;10;20230814;2;5833.9;REG;;4248.43;576.97;0;0;0;19000101;
20240130;102009098;11;20230913;2;5703.22;REG;;4457.21;368.19;0;0;0;19000101;
20240130;102009098;12;20231013;2;5552.04;REG;;4637.53;187.75;0;0;0;19000101;
20240130;102010344;1;20231111;2;664.83;REG;;431.47;167.46;0;0;0;19000101;
20240130;102010344;2;20231211;2;644.53;REG;;461.03;138.63;0;0;0;19000101;
